{"cameraMode":{"drawMode":0,"name":"Shaded","section":"Shading Mode"},"sceneLighting":false,"audioPlay":false,"sceneViewState":{"m_AlwaysRefresh":false,"showFog":true,"showSkybox":false,"showFlares":true,"showImageEffects":true,"showParticleSystems":true,"showVisualEffectGraphs":true,"m_FxEnabled":true},"in2DMode":false,"pivot":{"x":0.02322428673505783,"y":0.027351319789886476,"z":0.05184011161327362},"rotation":{"x":-0.04527254030108452,"y":0.030560927465558053,"z":-0.001385224750265479,"w":-0.9985082745552063},"size":3.9676995277404787,"orthographic":false}