{"cameraMode":{"drawMode":0,"name":"Shaded","section":"Shading Mode"},"sceneLighting":false,"audioPlay":false,"sceneViewState":{"m_AlwaysRefresh":false,"showFog":true,"showSkybox":false,"showFlares":true,"showImageEffects":true,"showParticleSystems":true,"showVisualEffectGraphs":true,"m_FxEnabled":true},"in2DMode":false,"pivot":{"x":0.45851999521255495,"y":0.784941554069519,"z":8.09571647644043},"rotation":{"x":-0.04527254030108452,"y":0.030560927465558053,"z":-0.001385224750265479,"w":-0.9985082745552063},"size":11.370915412902832,"orthographic":false}